{"noiseKey":{"private":{"type":"Buffer","data":"KEHbTJmPft12PYELNEZEszookyqGfur4utRmcjV0V0k="},"public":{"type":"Buffer","data":"8YfsONCELxlqj/Qb2ssNS6ga31FOEfvcOuHEVIKZf08="}},"signedIdentityKey":{"private":{"type":"Buffer","data":"KIwG4GhC/So9xiqU98PO/TTYt8vzzNCqy9HXI4pKG1U="},"public":{"type":"Buffer","data":"saqBpwV7A31xrO0iUgmGX2rwSjM0cTWoMeIBRgs8o3Q="}},"signedPreKey":{"keyPair":{"private":{"type":"Buffer","data":"0F+QzDGOxqXVTy5CFBXlGdTFyIPzsgtqaCK/8j9zw1w="},"public":{"type":"Buffer","data":"AYpoBY2Iba/NBiDFTI7RAbHzRpZzwWNa2pLQf3gmijo="}},"signature":{"type":"Buffer","data":"1B9m2e15Ci1+xVbLGMOEHkNqhaKkS23WKIV+mJILlDv5+UMS11KtbX5LAkBXXA9Lw3cAmU18gpggaT7oaBqLAQ=="},"keyId":1},"registrationId":17,"advSecretKey":"O9cqy4nYcBf2+5DDQYGljJxvaX3TkoSBt3eT0gCsFa4=","processedHistoryMessages":[{"key":{"remoteJid":"6287705048235@s.whatsapp.net","fromMe":true,"id":"DF8C54B09762D7C0423D8D94CF3493AC"},"messageTimestamp":1666834999},{"key":{"remoteJid":"6287705048235@s.whatsapp.net","fromMe":true,"id":"0AF1BEE7A64737479ECB432CF7B63CFD"},"messageTimestamp":1666835005}],"nextPreKeyId":47,"firstUnuploadedPreKeyId":47,"accountSettings":{"unarchiveChats":false},"account":{"details":"CNuAq5kBEKXE55oGGAE=","accountSignatureKey":"l6d9YRhVMn9xTK90R790o4ZYiTN32rHEZEMOtP3PnBM=","accountSignature":"mYuiXPl+rcSLssyePCZNO26gBL8MR+wDl5ogoKWfaS8gSdKcnhzKi25iIYTsKKx8PdwXAd6t2SE+jpZG5+HAAg==","deviceSignature":"kxScUU/FcXPWNTkcgQoKH4YrV7936QcUgG/9XQ+zci0aTHp/ou1qsZxAKhp1AL3JBV5GaS24XLMbNt1WXEJDAA=="},"me":{"id":"6287705048235:13@s.whatsapp.net","name":"KirBotz"},"signalIdentities":[{"identifier":{"name":"6287705048235:13@s.whatsapp.net","deviceId":0},"identifierKey":{"type":"Buffer","data":"BZenfWEYVTJ/cUyvdEe/dKOGWIkzd9qxxGRDDrT9z5wT"}}],"platform":"android","lastAccountSyncTimestamp":1666834986,"myAppStateKeyId":"AAAAABVf"}