{"_sessions":{"Bd1kJrshUNwTkXX/M7cC7Md5S6xFc5hvngOnf9pRh7x9":{"registrationId":221515067,"currentRatchet":{"ephemeralKeyPair":{"pubKey":"BY5Hog5Pwt/I2ZQUxThPAMO0yGQXCv5w00/Q6ipOQ4V+","privKey":"2E0Qxxqk6il9JNuSg4AXXdEhro08sOilnHLw6tM9LVk="},"lastRemoteEphemeralKey":"BbZRpW5A6kM4ylCt4pN9/anDFyKowJWYKGpC6He/mlQV","previousCounter":0,"rootKey":"VF1Osr+MDtXuyAg/H1LmymXuW3CkVjNEB4YfoWjtk5w="},"indexInfo":{"baseKey":"Bd1kJrshUNwTkXX/M7cC7Md5S6xFc5hvngOnf9pRh7x9","baseKeyType":2,"closed":1666837504980,"used":1666835252106,"created":1666834993208,"remoteIdentityKey":"BZenfWEYVTJ/cUyvdEe/dKOGWIkzd9qxxGRDDrT9z5wT"},"_chains":{"BZLOPNmQm+WmX9jIVz4KRkM4YFMf2LJqY/BnMdauYOcc":{"chainKey":{"counter":5},"chainType":2,"messageKeys":{}},"BYpCp1TjaX5hFrjA1rfHvtDo/xXZmtcd5R/e72DDYe87":{"chainKey":{"counter":0},"chainType":2,"messageKeys":{}},"BR3zbF0FeUV5qEAiZZchsIChBRKOWpNj3kyltP8UBhUD":{"chainKey":{"counter":0},"chainType":2,"messageKeys":{}},"BbZRpW5A6kM4ylCt4pN9/anDFyKowJWYKGpC6He/mlQV":{"chainKey":{"counter":1,"key":"FMSG+cgmjI9BWJcro/F6NvCrDmFAuQQgMBvvYULy3sk="},"chainType":2,"messageKeys":{}},"BY5Hog5Pwt/I2ZQUxThPAMO0yGQXCv5w00/Q6ipOQ4V+":{"chainKey":{"counter":0,"key":"YCJ2L/+9ktrAFQGaS4/C3/4UdVLuyQyyMC256oWJuNw="},"chainType":1,"messageKeys":{}}}},"BZ6b1p1gO4/lFAd3WE0T9ungUDb3mUfeM2dRxvhFFPMx":{"registrationId":221515067,"currentRatchet":{"ephemeralKeyPair":{"pubKey":"BSlemSdyV5MHIbxpYvWHrBWiAU36sDxiZpc1rr9Dqj97","privKey":"EAT9Jp9dMsNYpYINzxu7ncCgUegzFCIje3GMih3quU8="},"lastRemoteEphemeralKey":"BdXSs4jn8cfQD9O9DNr6iNaesAyERwqfPr3ijQJ9r+NT","previousCounter":0,"rootKey":"H71ZdD6gXzrAac6uDSVC2HEvSmXqPdL7FhumrB0Q4zM="},"indexInfo":{"baseKey":"BZ6b1p1gO4/lFAd3WE0T9ungUDb3mUfeM2dRxvhFFPMx","baseKeyType":2,"closed":1666837505024,"used":1666837504987,"created":1666837504987,"remoteIdentityKey":"BZenfWEYVTJ/cUyvdEe/dKOGWIkzd9qxxGRDDrT9z5wT"},"_chains":{"BdXSs4jn8cfQD9O9DNr6iNaesAyERwqfPr3ijQJ9r+NT":{"chainKey":{"counter":0,"key":"Aqti+EPi6iyugDsrwKlqxdh0ZcGgYtQs4Ztw797k4KU="},"chainType":2,"messageKeys":{}},"BSlemSdyV5MHIbxpYvWHrBWiAU36sDxiZpc1rr9Dqj97":{"chainKey":{"counter":-1,"key":"cUs3pRxfDvUIz3TwsVT1HxAzGDIKIGEbse31+cOHnlY="},"chainType":1,"messageKeys":{}}}},"BZdcA/NPwvmKIjdOEbXuwgEzXms4btoIAl2muZX1eNx/":{"registrationId":221515067,"currentRatchet":{"ephemeralKeyPair":{"pubKey":"BUc5jxA4FiUEZnV2OC+1naN64lqKI3pes99JLGC/iz86","privKey":"ADHA8fi3cx26d0AIQMVDD/Is6X4nLWasqwoEdwduZ2A="},"lastRemoteEphemeralKey":"BSQlAziJKuszepnXV2w6TEpffDKBYpC19xgNjHIQC8wD","previousCounter":0,"rootKey":"XYe9FDTmdwMf7L1Ef7EtdJERjHgVZ267ag5FuMSNaP8="},"indexInfo":{"baseKey":"BZdcA/NPwvmKIjdOEbXuwgEzXms4btoIAl2muZX1eNx/","baseKeyType":2,"closed":1666837505080,"used":1666837505030,"created":1666837505030,"remoteIdentityKey":"BZenfWEYVTJ/cUyvdEe/dKOGWIkzd9qxxGRDDrT9z5wT"},"_chains":{"BSQlAziJKuszepnXV2w6TEpffDKBYpC19xgNjHIQC8wD":{"chainKey":{"counter":1,"key":"lx2RGZP0Wlc1BTL+S3SbcBaw42mgrA16ccgcU64kTDU="},"chainType":2,"messageKeys":{}},"BUc5jxA4FiUEZnV2OC+1naN64lqKI3pes99JLGC/iz86":{"chainKey":{"counter":-1,"key":"6qILaNyUYJJJ2lP3Hby91QEKonZaI8saFTkxxZHaEfo="},"chainType":1,"messageKeys":{}}}},"BRQLq8hJUEBHNFt9A/Rl2svm8o2m7n+Nd7c7qEqY4LIb":{"registrationId":221515067,"currentRatchet":{"ephemeralKeyPair":{"pubKey":"Bdb8UldKqdzs4SpIJS0i7b7EwDatfOvrJ+jQOsTpth0m","privKey":"IPW8lR2vo4qak4ZZW5Z3RvUxw1pY5CjxKn6DFi4Yg1Q="},"lastRemoteEphemeralKey":"BYJdHHM8fPtGtFIflUJScLJPQayl94uTpX0jShlBRN0y","previousCounter":0,"rootKey":"d1pzKGPXmRNP9OB4Vig6rwqTwFYR4k4wC4aSIAATviQ="},"indexInfo":{"baseKey":"BRQLq8hJUEBHNFt9A/Rl2svm8o2m7n+Nd7c7qEqY4LIb","baseKeyType":2,"closed":-1,"used":1666837786398,"created":1666837505086,"remoteIdentityKey":"BZenfWEYVTJ/cUyvdEe/dKOGWIkzd9qxxGRDDrT9z5wT"},"_chains":{"BTSRaMq/r7lGAkyI+2Q5B6bMykUraXoMf5BY2mUq650I":{"chainKey":{"counter":1},"chainType":2,"messageKeys":{"1":"rK8KaogPsZ22Q+dZTmX207rNfshVPP31YOdxYVrSN8A="}},"BV3omasOdj8qFo6VsFriv7Oqtnzz3HTmd94pDqKZjz8M":{"chainKey":{"counter":0},"chainType":2,"messageKeys":{}},"Bb3SU9+RcffAtNuqHQjQbmeaVHuAtCMudWubJdZupn1f":{"chainKey":{"counter":3},"chainType":2,"messageKeys":{"0":"UZXbklV0RqEpeN9kAN7z7u8eMqILq30gRi67Ww2L2Cw="}},"BW2rrgYb7KyzRJPOh9AcGBVXoYVZ6umae5Em09OqdoQf":{"chainKey":{"counter":0},"chainType":2,"messageKeys":{}},"Bb+fIV8c3RDcjnG9yU35Pdj4zv7Mepbrp9nI7ffSrR1m":{"chainKey":{"counter":2},"chainType":2,"messageKeys":{}},"BXL7FAn8CzZxM8DGtJ7tnALqOwoTNAIgIwOuFb2jraoL":{"chainKey":{"counter":0},"chainType":2,"messageKeys":{}},"BYp11I0Vz5qahUbRhWiHEbbE7jPDvjq5UzCP0hPaZ9R2":{"chainKey":{"counter":0},"chainType":2,"messageKeys":{}},"BYJdHHM8fPtGtFIflUJScLJPQayl94uTpX0jShlBRN0y":{"chainKey":{"counter":0,"key":"ljxqRePZPG8nkycOK1r1X9WGXa2DU4dBevl2chZIITA="},"chainType":2,"messageKeys":{}},"Bdb8UldKqdzs4SpIJS0i7b7EwDatfOvrJ+jQOsTpth0m":{"chainKey":{"counter":1,"key":"Ee7Mz21qXFrG/vMJkbtCHqNXgOKQ7mIagoY7cy8yEOE="},"chainType":1,"messageKeys":{}}}}},"version":"v1"}