{"_sessions":{"BeyqMM7a3OvpuifSpywyu6ZofgFqr6GZ9WdmRL4kIS4c":{"registrationId":1112566984,"currentRatchet":{"ephemeralKeyPair":{"pubKey":"BWDND0DIW/++TJ2jhWrZytQUpkEOtT2kr/CixyGQrMYq","privKey":"YAgk4oARImzyPH53nSIPdlK3/uGnkknwRf+agWFus0k="},"lastRemoteEphemeralKey":"BYRx+PX7oBKZFh3n++sP2WBIsHbA7Bx9utgXgFY3n3xc","previousCounter":0,"rootKey":"M4Hep8CZUuEqOtc6N/JBAq9UI/HkqpRwVcbXW4etNAA="},"indexInfo":{"baseKey":"BeyqMM7a3OvpuifSpywyu6ZofgFqr6GZ9WdmRL4kIS4c","baseKeyType":1,"closed":-1,"used":1666837604992,"created":1666837604992,"remoteIdentityKey":"BZagXF/5F9sh5AA9hJs/7fV99txIKbTvetix3NfLtz5U"},"_chains":{"BWDND0DIW/++TJ2jhWrZytQUpkEOtT2kr/CixyGQrMYq":{"chainKey":{"counter":1,"key":"KiaY//ATImFRrmaBeKarTiqFhvOpXaO569r/yrrJwyg="},"chainType":1,"messageKeys":{}}},"pendingPreKey":{"signedKeyId":2,"baseKey":"BeyqMM7a3OvpuifSpywyu6ZofgFqr6GZ9WdmRL4kIS4c","preKeyId":14160846}}},"version":"v1"}