{"_sessions":{"BVP5kT5lznplC2tekumZubIpfJgfeprSrs+9qT6j2nET":{"registrationId":616655546,"currentRatchet":{"ephemeralKeyPair":{"pubKey":"BaNUyJ3m24mydDFTK3RQRzSMRELLAGgMBmwUhzFkHctL","privKey":"iDnsBLeFoucMQT/BjHNSLHHU4Zz5wPkHE3Ed3rBclFw="},"lastRemoteEphemeralKey":"Bahhewz3MDDrJopmTc6GhhjRFgoBNikTUkPVNozLhdpZ","previousCounter":0,"rootKey":"Fjs++S9xT3Nnyu5eTbORnV/qA0/psNGApyVuB20cvVw="},"indexInfo":{"baseKey":"BVP5kT5lznplC2tekumZubIpfJgfeprSrs+9qT6j2nET","baseKeyType":2,"closed":-1,"used":1666837824578,"created":1666837824578,"remoteIdentityKey":"BfChrI0b7j5Jk6ec7Dabl7jUOLyqoMrqYP9+68ZoP/Vm"},"_chains":{"Bahhewz3MDDrJopmTc6GhhjRFgoBNikTUkPVNozLhdpZ":{"chainKey":{"counter":0,"key":"EV1adW+rqRvMkQbFKlS2C/WnDS9l27/793/f3bycRhU="},"chainType":2,"messageKeys":{}},"BaNUyJ3m24mydDFTK3RQRzSMRELLAGgMBmwUhzFkHctL":{"chainKey":{"counter":-1,"key":"f064vReYgPiCncpDdfPjOnvV4vLyd8NTZFiKg4IGFnE="},"chainType":1,"messageKeys":{}}}}},"version":"v1"}